[
    {
    "id":1,
    "first_name":"Mariele",
    "last_name":"Mintram",
    "email":"mmintram0@cbsnews.com",
    "gender":"Female",
    "date":"2018-03-18",
    "ip_address":"110.1.138.115",
    "money":"50252.57"},

    {
        "id":2,
        "first_name":"Creight",
        "last_name":"Coucher",
        "email":"ccoucher1@google.it",
        "gender":"Male",
        "date":"2017-11-18",
        "ip_address":"7.146.154.113",
        "money":"56909.08"},

    {
        "id":3,
        "first_name":"Alie",
        "last_name":"Bidewel",
        "email":"abidewel2@illinois.edu",
        "gender":"Female",
        "date":"2017-11-14",
        "ip_address":"207.101.136.222",
        "money":"85243.91"}
]